prompt_template,examples,num_examples,text,prediction,finish_reason,config
"Input: ${text} 
Output:","[['As soon as you can.', 'Sorry I messed up.'], ['At you earliest convenience.', 'I apologise for my wrongdoings.']]",2,I can't stand his temper., I find his temper to be extremely off-putting.,stop,"{'model': 'text-davinci-003', 'suffix': '', 'temperature': 1, 'top_p': 1, 'max_tokens': 200, 'n': 1, 'stop': None}"
"Input: ${text} 
Output:","[['As soon as you can.', 'Sorry I messed up.'], ['At you earliest convenience.', 'I apologise for my wrongdoings.']]",2,I can't stand his temper., I find his temper to be quite intolerable.,stop,"{'model': 'text-davinci-003', 'suffix': '', 'temperature': 1, 'top_p': 1, 'max_tokens': 200, 'n': 1, 'stop': None}"
"Input: ${text} 
Output:","[['As soon as you can.', 'Sorry I messed up.'], ['At you earliest convenience.', 'I apologise for my wrongdoings.']]",2,I can't stand his temper., His temper is difficult to tolerate.,stop,"{'model': 'text-davinci-003', 'suffix': '', 'temperature': 1, 'top_p': 1, 'max_tokens': 200, 'n': 1, 'stop': None}"
"Input: ${text} 
Output:","[['As soon as you can.', 'Sorry I messed up.'], ['At you earliest convenience.', 'I apologise for my wrongdoings.']]",2,I can't stand his temper., I find his temper difficult to endure.,stop,"{'model': 'text-davinci-003', 'suffix': '', 'temperature': 1, 'top_p': 1, 'max_tokens': 200, 'n': 1, 'stop': None}"
"Input: ${text} 
Output:","[['As soon as you can.', 'Sorry I messed up.'], ['At you earliest convenience.', 'I apologise for my wrongdoings.']]",2,I can't stand his temper., His attitude is not tolerable.,stop,"{'model': 'text-davinci-003', 'suffix': '', 'temperature': 1, 'top_p': 1, 'max_tokens': 200, 'n': 1, 'stop': None}"
"Input: ${text} 
Output:","[['As soon as you can.', 'Sorry I messed up.'], ['At you earliest convenience.', 'I apologise for my wrongdoings.']]",2,I can't stand his temper., His temper has become unbearable.,stop,"{'model': 'text-davinci-003', 'suffix': '', 'temperature': 1, 'top_p': 1, 'max_tokens': 200, 'n': 1, 'stop': None}"
